{"cameraMode":{"drawMode":0,"name":"Shaded","section":"Shading Mode"},"sceneLighting":false,"audioPlay":false,"sceneViewState":{"m_AlwaysRefresh":false,"showFog":true,"showSkybox":false,"showFlares":true,"showImageEffects":true,"showParticleSystems":true,"showVisualEffectGraphs":true,"m_FxEnabled":true},"in2DMode":false,"pivot":{"x":-0.02263910323381424,"y":0.022338688373565675,"z":-0.030849911272525789},"rotation":{"x":-0.24630653858184815,"y":0.12060709297657013,"z":-0.030973955988883973,"w":-0.9614053964614868},"size":0.3489924669265747,"orthographic":false}